{"isl_Latn": {"embed_tokens": 42.95853281156638, "layers.0": 43.19713593861579, "layers.1": 42.48096171357096, "layers.10": 36.285018622054615, "layers.11": 35.14595568210275, "layers.12": 33.48750176277359, "layers.13": 33.77652016687243, "layers.14": 34.592636341212156, "layers.15": 34.21712219250961, "layers.16": 34.76951753833111, "layers.17": 34.289740905597064, "layers.18": 34.34148589667928, "layers.19": 34.69921806998678, "layers.2": 21.438708514721633, "layers.20": 34.9013197510865, "layers.21": 37.04459210538356, "layers.22": 34.117524562264826, "layers.23": 32.77339839872747, "layers.24": 30.307206995648677, "layers.25": 30.35657806409795, "layers.26": 30.575453781187058, "layers.27": 30.920549001604886, "layers.28": 30.64859381166207, "layers.29": 32.27850491521411, "layers.3": 26.23216180174446, "layers.30": 32.13710624001868, "layers.31": 33.873316596363104, "layers.4": 25.09922246688875, "layers.5": 28.97853794848126, "layers.6": 32.62835775810581, "layers.7": 35.05058476958107, "layers.8": 35.56834182875064, "layers.9": 35.028148953953135}, "hin_Deva": {"embed_tokens": 21.715123853221225, "layers.0": 23.35515571998537, "layers.1": 28.785861273664025, "layers.10": 29.640870589525644, "layers.11": 28.69158083792617, "layers.12": 28.053664650938103, "layers.13": 27.454429801401762, "layers.14": 28.147851322601433, "layers.15": 28.133652918249204, "layers.16": 27.772152313555008, "layers.17": 27.837498960413935, "layers.18": 28.19718924007678, "layers.19": 30.38272533865584, "layers.2": 21.290471888695343, "layers.20": 29.7229881250784, "layers.21": 28.284601118710295, "layers.22": 26.480333180066136, "layers.23": 26.76757256610845, "layers.24": 26.571062070803734, "layers.25": 26.753717647355533, "layers.26": 27.262962688202574, "layers.27": 27.127148179661365, "layers.28": 27.418196481285896, "layers.29": 25.752311960652538, "layers.3": 25.967922904436104, "layers.30": 26.60469079340855, "layers.31": 29.651292879017838, "layers.4": 24.31709617146776, "layers.5": 27.20802326076965, "layers.6": 30.14171944524105, "layers.7": 29.711001493989613, "layers.8": 28.780939149958435, "layers.9": 29.39760408517219}, "ell_Grek": {"embed_tokens": 21.397096971654197, "layers.0": 21.4347895056971, "layers.1": 28.417257113967914, "layers.10": 33.12154869858179, "layers.11": 32.875129962221884, "layers.12": 32.863347844573326, "layers.13": 33.49239301518774, "layers.14": 34.49483040274763, "layers.15": 33.814173265738155, "layers.16": 33.811450881806294, "layers.17": 33.15520047486939, "layers.18": 32.44232444311836, "layers.19": 33.178976898881054, "layers.2": 20.870956289489808, "layers.20": 33.535245645919225, "layers.21": 34.448602059115444, "layers.22": 32.77823629117234, "layers.23": 32.94617971257967, "layers.24": 32.04850671418845, "layers.25": 30.518379120927833, "layers.26": 29.93351730012912, "layers.27": 30.401091745226246, "layers.28": 30.791520201933857, "layers.29": 30.8000941143486, "layers.3": 25.213035812184973, "layers.30": 30.654897447614655, "layers.31": 33.00282255617895, "layers.4": 25.847125348617993, "layers.5": 29.607170477212605, "layers.6": 34.38200775044962, "layers.7": 34.18517440644448, "layers.8": 34.007580822769434, "layers.9": 32.79641403897601}, "vie_Latn": {"embed_tokens": 33.532023611199726, "layers.0": 35.259625571960584, "layers.1": 35.86100243952897, "layers.10": 30.78731595526322, "layers.11": 30.39983682409541, "layers.12": 30.04684426812815, "layers.13": 29.904705829643863, "layers.14": 30.312588211214948, "layers.15": 30.991973123508046, "layers.16": 30.945614655425917, "layers.17": 30.4102984972887, "layers.18": 30.32668106896548, "layers.19": 30.504718791699055, "layers.2": 19.835681818294653, "layers.20": 31.56538275169194, "layers.21": 31.175118872808426, "layers.22": 27.573379413879135, "layers.23": 26.80307309523417, "layers.24": 24.476392209250402, "layers.25": 24.326452863265708, "layers.26": 24.945946495263417, "layers.27": 25.349129667233473, "layers.28": 26.17347459854954, "layers.29": 27.04945965429424, "layers.3": 23.525814442622103, "layers.30": 27.35111825542992, "layers.31": 30.0203774334384, "layers.4": 22.98785791993754, "layers.5": 25.101882990572268, "layers.6": 27.857342846507624, "layers.7": 28.37811849145082, "layers.8": 31.190679732967048, "layers.9": 30.95102344539712}, "ron_Latn": {"embed_tokens": 51.44998752730294, "layers.0": 44.6931654632855, "layers.1": 50.56883927595004, "layers.10": 31.56134822423407, "layers.11": 30.74761949662245, "layers.12": 30.374197760548554, "layers.13": 31.12411888493321, "layers.14": 31.65663788477873, "layers.15": 31.33619716092796, "layers.16": 32.22613261074149, "layers.17": 31.62426579684415, "layers.18": 31.861901425153484, "layers.19": 32.62456113667445, "layers.2": 21.124810104616557, "layers.20": 33.97507219475598, "layers.21": 33.491202902622256, "layers.22": 30.87806522503034, "layers.23": 29.443885918085407, "layers.24": 28.0548571665023, "layers.25": 27.55371554939351, "layers.26": 27.56530708935123, "layers.27": 27.987905352746647, "layers.28": 28.533979932544824, "layers.29": 29.96711790840027, "layers.3": 26.081434815083146, "layers.30": 29.873288157695193, "layers.31": 30.19041186184032, "layers.4": 25.092826857719373, "layers.5": 28.486509298297563, "layers.6": 32.868954101320064, "layers.7": 34.952933372194835, "layers.8": 35.33208907264977, "layers.9": 34.07325442359494}, "heb_Hebr": {"embed_tokens": 17.791121053559383, "layers.0": 18.599032361218597, "layers.1": 24.408120183415058, "layers.10": 33.055065935003114, "layers.11": 31.865148034924292, "layers.12": 30.729010859732146, "layers.13": 30.936623909903943, "layers.14": 30.673674837349925, "layers.15": 30.903195007538688, "layers.16": 31.228783658348856, "layers.17": 30.545455024659464, "layers.18": 30.532569356052043, "layers.19": 30.96628671290997, "layers.2": 18.044090676571276, "layers.20": 30.40623797003208, "layers.21": 30.28997394911611, "layers.22": 29.580470842173423, "layers.23": 29.925481453645492, "layers.24": 29.4968738029892, "layers.25": 29.817631627611608, "layers.26": 29.92580997366232, "layers.27": 30.490771753863967, "layers.28": 30.767413006595543, "layers.29": 29.956593798328534, "layers.3": 22.33769140361254, "layers.30": 30.702636400475818, "layers.31": 30.041105823190033, "layers.4": 23.963647701908148, "layers.5": 27.845221725150893, "layers.6": 32.156070795994594, "layers.7": 34.48939588554472, "layers.8": 34.20491840547592, "layers.9": 32.94447716035395}, "eng_Latn": {"embed_tokens": 51.42934600027319, "layers.0": 43.75997321027931, "layers.1": 39.77778163719773, "layers.10": 28.07387955965508, "layers.11": 27.590554646747943, "layers.12": 27.63677811863921, "layers.13": 26.777321418265235, "layers.14": 27.219435540616875, "layers.15": 27.28383884962508, "layers.16": 26.81329126721157, "layers.17": 24.082980056097448, "layers.18": 23.38413461089125, "layers.19": 23.683015693034363, "layers.2": 17.0847033794963, "layers.20": 21.94604426383402, "layers.21": 20.685758476780695, "layers.22": 17.79915076888866, "layers.23": 16.76811282027253, "layers.24": 15.370610812570103, "layers.25": 15.514292612218837, "layers.26": 15.693628036313386, "layers.27": 16.103521472433208, "layers.28": 16.628661906700945, "layers.29": 16.90157916247842, "layers.3": 21.860376176362983, "layers.30": 17.516290489424446, "layers.31": 15.968575194140008, "layers.4": 21.249647320593184, "layers.5": 23.704315602457324, "layers.6": 27.401078380197493, "layers.7": 30.063327054700107, "layers.8": 28.323141433084334, "layers.9": 28.437628771733845}, "eus_Latn": {"embed_tokens": 47.41825475385633, "layers.0": 44.284027710540784, "layers.1": 45.79224924241397, "layers.10": 33.758527083273314, "layers.11": 32.175459118121815, "layers.12": 32.126287846171685, "layers.13": 32.5130364489606, "layers.14": 32.762441642314535, "layers.15": 31.957359554627807, "layers.16": 32.710525579591334, "layers.17": 32.94513067119746, "layers.18": 32.302394032192275, "layers.19": 33.954282584833614,