{"min_Arab": {"embed_tokens": 17.171902804635963, "layers.0": 18.841033765844706, "layers.1": 23.466522275353267, "layers.10": 29.350489795163746, "layers.11": 28.52643803733189, "layers.12": 28.80340408852254, "layers.13": 28.683115941524353, "layers.14": 28.682635368406377, "layers.15": 29.0521554743254, "layers.16": 28.284760189784855, "layers.17": 28.314612730716444, "layers.18": 29.735095816510952, "layers.19": 30.242037452951568, "layers.2": 17.848575298800196, "layers.20": 28.400435378230164, "layers.21": 27.794885286222705, "layers.22": 25.741741556426057, "layers.23": 25.389142679769154, "layers.24": 23.043334631257366, "layers.25": 23.158772658908024, "layers.26": 23.226734522676995, "layers.27": 23.310759661706836, "layers.28": 24.660046112173774, "layers.29": 25.240373777521093, "layers.3": 21.171620789840176, "layers.30": 23.381319354197423, "layers.31": 21.61400512111912, "layers.4": 20.19539390625018, "layers.5": 23.52373141307318, "layers.6": 26.494369759386245, "layers.7": 28.00088329431677, "layers.8": 29.304460628602406, "layers.9": 29.002802568282966}, "arb_Latn": {"embed_tokens": 47.13712173574792, "layers.0": 46.40253825110721, "layers.1": 43.48587959861357, "layers.10": 27.706274445946683, "layers.11": 28.166157669892577, "layers.12": 29.533171712125675, "layers.13": 29.555678825974287, "layers.14": 31.325199126185986, "layers.15": 32.00728566567809, "layers.16": 30.469589871693096, "layers.17": 30.324166633643483, "layers.18": 31.318022632915337, "layers.19": 33.03641649658941, "layers.2": 20.44980983004017, "layers.20": 33.714663528740466, "layers.21": 32.46130207741816, "layers.22": 31.615217946949624, "layers.23": 32.080509257592006, "layers.24": 29.81796154712917, "layers.25": 30.103638829747084, "layers.26": 30.475082146517074, "layers.27": 31.24806172993892, "layers.28": 32.397433333465216, "layers.29": 34.58739317362048, "layers.3": 25.00819717586235, "layers.30": 33.1823794716078, "layers.31": 28.660629202483385, "layers.4": 23.037524570851257, "layers.5": 26.210822106123032, "layers.6": 28.272544733141938, "layers.7": 29.846909424673232, "layers.8": 30.23485627394723, "layers.9": 29.347376084318213}, "ace_Latn": {"embed_tokens": 38.47402629631557, "layers.0": 41.5668706096361, "layers.1": 37.27224569637134, "layers.10": 30.021698898955698, "layers.11": 30.088212902399473, "layers.12": 31.07741425267169, "layers.13": 30.186369568287063, "layers.14": 30.64536325501893, "layers.15": 29.809968349224988, "layers.16": 29.6719172630599, "layers.17": 30.404850445075724, "layers.18": 29.913374462337032, "layers.19": 31.956801718040335, "layers.2": 23.06665083439696, "layers.20": 28.54457672245204, "layers.21": 29.42957011130202, "layers.22": 25.90791074712601, "layers.23": 26.10934042185209, "layers.24": 25.055871820800782, "layers.25": 25.250967118722524, "layers.26": 25.37591195363016, "layers.27": 25.79808138526583, "layers.28": 26.510503586126724, "layers.29": 27.2401128685355, "layers.3": 25.5601407069864, "layers.30": 27.403795435404987, "layers.31": 24.823603304833917, "layers.4": 25.438211356787146, "layers.5": 28.439605498244674, "layers.6": 30.111111948000374, "layers.7": 32.938756506891224, "layers.8": 31.105983540024493, "layers.9": 29.707245864378372}, "eng_Latn": {"embed_tokens": 51.42934600027319, "layers.0": 43.75997321027931, "layers.1": 39.77778163719773, "layers.10": 28.07387955965508, "layers.11": 27.590554646747943, "layers.12": 27.63677811863921, "layers.13": 26.777321418265235, "layers.14": 27.219435540616875, "layers.15": 27.28383884962508, "layers.16": 26.81329126721157, "layers.17": 24.082980056097448, "layers.18": 23.38413461089125, "layers.19": 23.683015693034363, "layers.2": 17.0847033794963, "layers.20": 21.94604426383402, "layers.21": 20.685758476780695, "layers.22": 17.79915076888866, "layers.23": 16.76811282027253, "layers.24": 15.370610812570103, "layers.25": 15.514292612218837, "layers.26": 15.693628036313386, "layers.27": 16.103521472433208, "layers.28": 16.628661906700945, "layers.29": 16.90157916247842, "layers.3": 21.860376176362983, "layers.30": 17.516290489424446, "layers.31": 15.968575194140008, "layers.4": 21.249647320593184, "layers.5": 23.704315602457324, "layers.6": 27.401078380197493, "layers.7": 30.063327054700107, "layers.8": 28.323141433084334, "layers.9": 28.437628771733845}, "taq_Latn": {"embed_tokens": 35.59385056095672, "layers.0": 31.651899149866306, "layers.1": 31.972927130778867, "layers.10": 26.333407236275672, "layers.11": 26.969028055604582, "layers.12": 27.24838730995625, "layers.13": 26.160244667708906, "layers.14": 26.41247889079396, "layers.15": 26.678451471654352, "layers.16": 26.55986414323695, "layers.17": 26.48799592955223, "layers.18": 27.62965042622217, "layers.19": 28.172912320648436, "layers.2": 16.124587223868687, "layers.20": 25.75458132256683, "layers.21": 25.39731650833373, "layers.22": 23.829741522057095, "layers.23": 24.491831557573793, "layers.24": 23.483169545308783, "layers.25": 23.619161448315033, "layers.26": 24.052922253146022, "layers.27": 24.43189073783395, "layers.28": 25.346123438405666, "layers.29": 26.97726684409141, "layers.3": 18.941517357517686, "layers.30": 27.39076047467883, "layers.31": 22.0173154882777, "layers.4": 18.788446690054315, "layers.5": 21.172346927062616, "layers.6": 24.109323460378363, "layers.7": 25.50210891795007, "layers.8": 25.757320722673402, "layers.9": 25.640940918808}, "knc_Arab": {"embed_tokens": 13.976575192669312, "layers.0": 14.950912722288683, "layers.1": 17.481985769329537, "layers.10": 24.843694775040177, "layers.11": 25.06131220870567, "layers.12": 25.130366738232564, "layers.13": 24.160911574751722, "layers.14": 24.683995549615226, "layers.15": 24.732600344017285, "layers.16": 25.245944059509455, "layers.17": 24.849064856372575, "layers.18": 24.917512491352092, "layers.19": 25.75716883518747, "layers.2": 12.275347296699309, "layers.20": 25.46110507687708, "layers.21": 25.100111036142327, "layers.22": 25.216349628299263, "layers.23": 25.46715209383803, "layers.24": 25.217583731178376, "layers.25": 25.48144869014127, "layers.26": 25.598682880964407, "layers.27": 25.83546541587704, "layers.28": 26.39906880774136, "layers.29": 27.39186381950629, "layers.3": 14.84168818720141, "layers.30": 26.834844885060246, "layers.31": 23.126748860173358, "layers.4": 14.616429497243569, "layers.5": 17.89115081622522, "layers.6": 21.34922557319532, "layers.7": 22.44508025942582, "layers.8": 22.708809932466743, "layers.9": 23.886206353252156}, "knc_Latn": {"embed_tokens": 36.15166932067481, "layers.0": 36.28458685738836, "layers.1": 32.689915514150414, "layers.10": 23.324351969857833, "layers.11": 24.94021402651116, "layers.12": 24.886436779837638, "layers.13": 24.710002606950066, "layers.14": 25.234942842212167, "layers.15": 25.637734707197907, "layers.16": 24.917465445517173, "layers.17": 26.418082680537708, "layers.18": 26.775526709950007, "layers.19": 27.54875235602571, "layers.2": 16.18750416568609, "layers.20": 25.990602890740636, "layers.21": 25.677618026773143, "layers.22": 24.414292090077677, "layers.23": 24.767312072921904, "layers.24": 23.272659543414125, "layers.25": 23.442455406435865, "layers.26": 24.132032371426124, "layers.27": 24.503794831866088, "layers.28": 25.63105988651908, "layers.29": 28.44957926460939, "layers.3": 18.439888043058986, "layers.30": 29.08474000472619, "layers.31": 25.811397812922223, "layers.4": 17.25031386261581, "layers.5": 19.129820404819164, "layers.6": 21.72314955406122, "layers.7": 24.33640198561959, "layers.8": 24.293395213250445, "layers.9": 23.643337880925518}, "taq_Tfng": {"embed_tokens": 15.991643074525086, "layers.0": 16.882429603782004, "layers.1": 16.92853502976358, "layers.10": 21.41694500760585, "layers.11": 22.872193249133854, "layers.12": 23.696044667566245, "layers.13": 24.068071147714743, "layers.14": 24.239700883150547, "layers.15": 23.748615410406387, "layers.16": 24.688620767217493, "layers.17": 24.436894908248135, "layers.18": 24.863560758610962,