{"ind_Latn": {"embed_tokens": 44.71841434709269, "layers.0": 45.62941504305801, "layers.1": 47.54315451575501, "layers.10": 34.23723798403954, "layers.11": 33.33378186717469, "layers.12": 31.858247285478978, "layers.13": 32.21835443923732, "layers.14": 32.97484485604149, "layers.15": 33.251855226774694, "layers.16": 32.53030439935239, "layers.17": 32.355842878127866, "layers.18": 30.39142248970943, "layers.19": 31.480687479009635, "layers.2": 23.954988680046785, "layers.20": 31.942221877121803, "layers.21": 31.989373798783323, "layers.22": 28.835221643977558, "layers.23": 28.937674313399874, "layers.24": 27.0790756570519, "layers.25": 26.549755892165493, "layers.26": 26.296222903696822, "layers.27": 26.475751595220753, "layers.28": 26.2570935334637, "layers.29": 25.44641212365813, "layers.3": 28.36244234518771, "layers.30": 25.3447451621115, "layers.31": 29.05100489165964, "layers.4": 25.851853528872415, "layers.5": 29.513282881582143, "layers.6": 32.53124786003642, "layers.7": 34.74748508051122, "layers.8": 32.890488011837405, "layers.9": 32.24887853161146}, "bho_Deva": {"embed_tokens": 22.424679290177604, "layers.0": 23.314119586738382, "layers.1": 28.113665054384278, "layers.10": 31.941788052455507, "layers.11": 31.687057528966204, "layers.12": 31.31883350899884, "layers.13": 30.28261840146867, "layers.14": 30.503720993022764, "layers.15": 30.32761159098629, "layers.16": 29.60099650756031, "layers.17": 28.666292327819587, "layers.18": 27.86873606626158, "layers.19": 29.2078270792043, "layers.2": 20.072731408340722, "layers.20": 29.17001770385512, "layers.21": 29.553941863446294, "layers.22": 27.963678970059625, "layers.23": 27.97691560507675, "layers.24": 27.287697052928376, "layers.25": 27.252155408847912, "layers.26": 27.211051419912938, "layers.27": 26.398266518223224, "layers.28": 27.075276985579777, "layers.29": 27.79257749285427, "layers.3": 24.212848942711584, "layers.30": 27.358627094538864, "layers.31": 29.534389063851425, "layers.4": 23.30389889651393, "layers.5": 25.96039441736876, "layers.6": 30.26061252584628, "layers.7": 33.130820298022996, "layers.8": 33.52076377666295, "layers.9": 32.067639965071955}, "eng_Latn": {"embed_tokens": 51.42934600027319, "layers.0": 43.75997321027931, "layers.1": 39.77778163719773, "layers.10": 28.07387955965508, "layers.11": 27.590554646747943, "layers.12": 27.63677811863921, "layers.13": 26.777321418265235, "layers.14": 27.219435540616875, "layers.15": 27.28383884962508, "layers.16": 26.81329126721157, "layers.17": 24.082980056097448, "layers.18": 23.38413461089125, "layers.19": 23.683015693034363, "layers.2": 17.0847033794963, "layers.20": 21.94604426383402, "layers.21": 20.685758476780695, "layers.22": 17.79915076888866, "layers.23": 16.76811282027253, "layers.24": 15.370610812570103, "layers.25": 15.514292612218837, "layers.26": 15.693628036313386, "layers.27": 16.103521472433208, "layers.28": 16.628661906700945, "layers.29": 16.90157916247842, "layers.3": 21.860376176362983, "layers.30": 17.516290489424446, "layers.31": 15.968575194140008, "layers.4": 21.249647320593184, "layers.5": 23.704315602457324, "layers.6": 27.401078380197493, "layers.7": 30.063327054700107, "layers.8": 28.323141433084334, "layers.9": 28.437628771733845}, "zul_Latn": {"embed_tokens": 47.825920354237134, "layers.0": 44.10491353684472, "layers.1": 44.85021097186704, "layers.10": 30.827119502077498, "layers.11": 31.70115598995841, "layers.12": 29.93678504543214, "layers.13": 29.881262656483447, "layers.14": 31.150571884868093, "layers.15": 30.022487335607423, "layers.16": 28.62037493487239, "layers.17": 29.387493713935488, "layers.18": 29.923990259523723, "layers.19": 30.023011605478768, "layers.2": 21.606549860415733, "layers.20": 31.417873132414165, "layers.21": 30.756662590720378, "layers.22": 31.081604568987974, "layers.23": 30.90516862286902, "layers.24": 29.684146205689462, "layers.25": 29.664637221651876, "layers.26": 29.866293864865245, "layers.27": 30.331069688627984, "layers.28": 30.697102179874104, "layers.29": 34.932017466029166, "layers.3": 26.060769781686872, "layers.30": 36.29121445530014, "layers.31": 31.733662192212147, "layers.4": 23.729162661072607, "layers.5": 26.669797722595614, "layers.6": 29.63965453758436, "layers.7": 32.994249522579175, "layers.8": 32.79888813544675, "layers.9": 31.805341269941486}, "ssw_Latn": {"embed_tokens": 46.93199957399416, "layers.0": 44.8511970596353, "layers.1": 45.03622017571498, "layers.10": 34.68827959110832, "layers.11": 34.603577042570514, "layers.12": 32.77871003857053, "layers.13": 31.39556083911309, "layers.14": 33.04006418924156, "layers.15": 33.15543610352672, "layers.16": 29.77604015686963, "layers.17": 30.91387549558407, "layers.18": 30.54149770981491, "layers.19": 31.336774620424254, "layers.2": 23.68965135821469, "layers.20": 29.58857954226453, "layers.21": 29.73358115271036, "layers.22": 28.31794450609171, "layers.23": 27.630971804256568, "layers.24": 25.939513665156234, "layers.25": 26.04711569508671, "layers.26": 26.856589080363964, "layers.27": 27.574399531273944, "layers.28": 28.53991561038701, "layers.29": 32.20345940476442, "layers.3": 28.736305893249323, "layers.30": 33.209317716521326, "layers.31": 29.02015641466334, "layers.4": 26.75411547902567, "layers.5": 28.953137123336884, "layers.6": 32.52588601701973, "layers.7": 37.46034243963593, "layers.8": 36.82047696707224, "layers.9": 33.96689543483867}, "yue_Hant": {"embed_tokens": 35.40239668521058, "layers.0": 35.517858360048976, "layers.1": 35.57061039037391, "layers.10": 28.427738350041547, "layers.11": 27.16706202261621, "layers.12": 27.0896004808286, "layers.13": 27.379142605724113, "layers.14": 28.17319325912228, "layers.15": 28.536992210068135, "layers.16": 28.92841102725425, "layers.17": 27.442059058343183, "layers.18": 27.29550580467947, "layers.19": 28.031871922410105, "layers.2": 23.95725635171701, "layers.20": 27.593315718406338, "layers.21": 27.335904960244466, "layers.22": 25.704452745508533, "layers.23": 25.385692070247522, "layers.24": 22.83143282922776, "layers.25": 22.230181088182718, "layers.26": 22.35401630025674, "layers.27": 22.34184276129969, "layers.28": 22.69249856843663, "layers.29": 22.117541560393498, "layers.3": 25.505193475151636, "layers.30": 22.907750157552858, "layers.31": 26.182751667784046, "layers.4": 24.17282831325959, "layers.5": 27.30567079546877, "layers.6": 28.991709036855372, "layers.7": 28.483383717179777, "layers.8": 28.27844314992747, "layers.9": 27.839159001182193}, "arb_Arab": {"embed_tokens": 21.20335805347047, "layers.0": 22.127185506695774, "layers.1": 26.899730383087384, "layers.10": 30.69592004353979, "layers.11": 30.105419505929447, "layers.12": 28.876586944653095, "layers.13": 28.391421531848486, "layers.14": 28.78927136026935, "layers.15": 29.024250838782557, "layers.16": 28.903984710862574, "layers.17": 27.938870819309198, "layers.18": 27.673823315894058, "layers.19": 28.27335256766087, "layers.2": 20.979647520513478, "layers.20": 28.216135169351524, "layers.21": 28.17597744185482, "layers.22": 26.597789251014518, "layers.23": 27.322042872826017, "layers.24": 25.028623680538242, "layers.25": 24.963916607724766, "layers.26": 25.132782387400617, "layers.27": 25.290349279072394, "layers.28": 26.370193482603575, "layers.29": 26.698360859964446, "layers.3": 25.57720983247708, "layers.30": 27.293965325518315, "layers.31": 31.233021149972974, "layers.4": 25.75569170828204, "layers.5": 29.063239786671236, "layers.6": 32.2507982230327, "layers.7": 32.53475789706072, "layers.8": 34.01891350939862, "layers.9": 31.50939120217313}, "plt_Latn": {"embed_tokens": 44.44308258159669, "layers.0": 43.082828611350386, "layers.1": 45.41017842569177, "layers.10": 30.3684091306565, "layers.11": 30.751528270059048, "layers.12": 31.59261758812392, "layers.13": 30.200410976859004, "layers.14": 31.06737133230275, "layers.15": 31.153748387126228, "layers.16": 29.987584384591084, "layers.17": 31.13750565667475, "layers.18": 29.593337394064292, "layers.19": 31.739008188020854,